SurveyDate,CurrentYearDiff,OneYearDiff,TwoYearDiff,LongTermDiff,R1,R2,date,OIS_SW,OIS_1M,OIS_3M,OIS_6M,OIS_1Y,OIS_2Y,OIS_3Y,OIS_4Y,OIS_5Y,OIS_6Y,OIS_7Y,OIS_8Y,OIS_9Y,OIS_10Y,OIS_15Y,OIS_20Y,DE3M,DE6M,DE1Y,DE2Y,DE3Y,DE4Y,DE5Y,DE6Y,DE7Y,DE8Y,DE9Y,DE10Y,DE15Y,DE20Y,DE30Y,IT2Y,FR2Y,ES2Y,IT5Y,ES5Y,FR5Y,ES10Y,FR10Y,IT10Y,STOXX50,SX7E,EURUSD,EURGBP,EURJPY,1M,3M,6M,1Y,2Y,5Y,10Y,Date,ConfFactor1,ConfFactor2,ConfFactor3,oisnew,oisnew_fitted,D1,D2,D3,D4,DTY
2002-10-23,-0.3595362502040817,-0.6973196625,-0.05636413400000001,-0.0342105263157895,-0.7529090295348837,0.0042857142857143085,2002-10-10,0.0,0.249999999999995,1.2,2.0,3.2,3.50000000000001,3.50000000000001,,,,,,,,,,,,,4.8,4.149999999999969,3.54999999999999,2.85000000000002,2.70000000000001,2.25,1.84999999999995,1.65000000000006,1.7500000000000098,,1.79999999999998,1.4500000000000002,4.29999999999997,4.70000000000002,4.40000000000001,3.05,3.30000000000004,2.95000000000001,1.64999999999997,2.00000000000005,1.79999999999998,0.763963503790865,0.78561749426429,-0.0911669431053075,-0.0633312244093687,-0.0942680972324084,0.00249999999999995,0.012,0.02,0.032,0.0350000000000001,0.0285000000000002,0.0175000000000001,2002-10-10,1.14602273842402,2.5955453801268,0.0781636916756826,0.3938105502665805,3.1061894497334297,0,0,0,1,1
2003-01-27,0.5843269286538461,0.47999662060000003,0.0,0.005952380952380952,-0.1691798430612244,-0.176825685952381,2003-01-09,0.499999999999989,0.9000000000000339,1.4500000000000002,1.69999999999999,1.65000000000002,1.95000000000003,0.999999999999979,,,,,,,,,,,,,2.1500000000000097,2.34999999999999,2.0,2.0,1.9000000000000101,1.40000000000002,1.14999999999998,1.19999999999996,1.20000000000005,,1.35000000000005,1.05000000000004,1.79999999999998,2.1500000000000097,2.25,1.70000000000003,1.9000000000000101,1.69999999999999,1.25000000000002,0.999999999999979,0.750000000000028,1.0794023788801799,1.16633685192999,-0.17628705997146998,-0.0536131441632393,0.017976809963649,0.009000000000000341,0.0145,0.0169999999999999,0.0165000000000002,0.0195000000000003,0.02,0.0120000000000005,2003-01-09,1.78240371745538,0.168750159325832,0.776774744045366,0.07810936803985846,0.9218906319601206,1,0,0,0,0
2003-04-24,-0.3860869565217392,-0.1777272727272727,0.0,-0.01973684210526317,-0.24333333333333332,-0.01692307692307691,2003-04-03,-0.499999999999989,0.499999999999989,0.45000000000001694,0.500000000000034,0.499999999999989,-0.200000000000022,0.300000000000011,,,,,,,,,,,,,0.0,0.45000000000001694,-0.45000000000001694,0.0,0.09999999999998901,0.349999999999984,0.4,0.44999999999992796,0.349999999999984,,-0.200000000000067,-0.300000000000011,0.649999999999995,-0.300000000000011,0.09999999999998901,-0.15000000000000602,0.0,-0.349999999999984,0.19999999999997803,0.24999999999995,0.25000000000003897,-0.14658866358781,0.00517584948749317,0.182230267937106,0.0,0.058610922846114,0.00499999999999989,0.0045000000000001705,0.00500000000000034,0.00499999999999989,-0.00200000000000022,0.0,0.00349999999999984,2003-04-03,1.11363237364264,-1.00780946097004,0.489288823070276,-0.052207582925387463,0.35220758292539844,0,1,0,0,0
2003-07-23,-0.3806818181818182,-0.44534883720930235,0.0,-0.03593749999999996,-0.16230769230769224,-0.20151515151515148,2003-07-10,0.249999999999995,0.25000000000003897,0.749999999999984,0.999999999999979,0.0,0.249999999999995,-0.249999999999995,,,,,,,,,,,,0.700000000000012,-0.15000000000000602,0.0,0.15000000000000602,0.09999999999998901,0.0,-0.0500000000000167,-0.15000000000000602,-0.200000000000022,-0.09999999999998901,,-0.15000000000000602,-0.200000000000067,0.19999999999997803,-0.0499999999999723,0.200000000000022,0.15000000000000602,0.249999999999995,0.499999999999989,-0.149999999999961,-0.19999999999997803,-0.15000000000000602,-0.183306882059142,-0.22674234455992698,-0.030874407566886003,-0.14327676353156898,0.00374524821671329,0.00250000000000039,0.007499999999999841,0.00999999999999979,0.0,0.00249999999999995,0.00099999999999989,-0.00099999999999989,2003-07-10,1.11185490806191,-0.7327313134583141,0.10534763881123699,1.030593833998529,-1.280593833998524,0,0,1,0,0
2003-10-28,-0.19461466375,-0.04039041382978722,-0.020459591538461587,-0.00390625,0.37512790743589736,0.07428362281249999,2003-10-02,0.0,0.0500000000000167,0.800000000000001,1.7500000000000098,3.2500000000000204,4.25,3.9499999999999904,,,,,,,,,,,,2.4500000000000197,4.25,3.40000000000003,3.59999999999996,3.85000000000004,3.24999999999998,2.55000000000001,2.44999999999997,2.1500000000000097,2.14999999999996,,1.94999999999999,1.6,4.29999999999997,4.05000000000002,4.49999999999999,3.55000000000003,3.55000000000003,3.69999999999999,2.29999999999997,1.99999999999996,2.14999999999996,-0.554267323442481,-0.616551915673646,-0.158183911054319,-0.292533475355183,-0.146554077679006,0.000500000000000167,0.008000000000000009,0.0175000000000001,0.0325000000000002,0.0425,0.0385000000000004,0.0214999999999996,2003-10-02,0.27190403954742304,4.17044676212746,0.135046524036576,0.4215794028104205,3.52842059718957,0,0,0,1,1
2004-01-28,1.3288461538461538,0.561,0.0,-0.03323529411764705,0.35581395348837214,0.08378378378378377,2004-01-08,0.0,0.300000000000011,-0.500000000000034,-0.849999999999973,-1.70000000000003,-2.05000000000002,-1.50000000000001,,,,,,,,,,,,-2.04999999999997,-2.4,-2.0,-1.9000000000000101,-1.80000000000002,-1.69999999999999,-1.69999999999999,-1.40000000000002,-1.4500000000000002,-1.6,,-1.29999999999999,-1.3499999999999601,-2.0,-0.499999999999989,-1.49999999999997,-1.9000000000000101,-1.79999999999998,-1.80000000000002,-1.50000000000006,-1.39999999999993,-1.3499999999999601,-0.143809997262512,-0.389127599573325,0.6856359115751389,0.10789427408845499,0.694253869792849,0.0030000000000001102,-0.00500000000000034,-0.00849999999999973,-0.0170000000000003,-0.0205000000000002,-0.0180000000000002,-0.016,2004-01-08,-0.11023753137690802,-1.49503590100044,-0.49880780817493103,0.31652511154687635,-1.8165251115468863,1,0,0,0,0
2004-04-26,-0.17181818181818184,-0.10943396226415089,0.0,-0.05473684210526316,-0.005510204081632671,-0.09893617021276593,2004-04-01,0.499999999999989,0.0,2.25,4.2,6.00000000000001,6.00000000000001,6.00000000000001,,,,,,,,,,,,5.600000000000009,6.40000000000001,6.05000000000002,5.050000000000001,4.45000000000002,4.04999999999998,3.75000000000001,3.55000000000003,3.14999999999999,3.05,,1.55000000000003,1.05000000000004,6.44999999999998,6.70000000000002,6.350000000000009,4.70000000000002,5.45,4.49999999999999,3.00000000000002,2.99999999999998,2.89999999999999,0.061961975954805106,0.146701180616393,0.449584588455681,-0.030016509305363898,0.250029430562915,0.0,0.0225,0.042,0.0600000000000001,0.0600000000000001,0.0445000000000002,0.0305,2004-04-01,2.4380159651303996,3.93154886237338,-0.0768814520455598,0.7761530202771505,5.223846979722859,0,1,0,0,0
2004-07-26,0.15961538461538463,0.028431372549019607,0.0,-0.014133333333333343,0.12693191489361705,0.03937948717948716,2004-07-01,0.499999999999989,0.09999999999998901,-1.29999999999999,0.0,0.499999999999989,0.0,0.500000000000034,,,,,,,,,,,,0.0,0.449999999999973,0.200000000000022,0.15000000000000602,0.0,-0.09999999999998901,-0.0499999999999723,-0.0499999999999723,-0.19999999999997803,-0.0499999999999723,,-0.300000000000011,-0.15000000000000602,0.249999999999995,0.349999999999984,0.449999999999973,0.09999999999998901,-0.0500000000000167,0.0,-0.149999999999917,-0.05000000000006109,-0.100000000000033,-0.105919123006348,-0.11098992662050801,0.0,-0.0746045991034006,-0.09878420256201889,0.00099999999999989,-0.0129999999999999,0.0,0.00499999999999989,0.0,0.0,-0.000499999999999723,2004-07-01,-0.7297346332338421,1.4624182595909199,-0.580606525293843,-1.0360496655659794,1.5360496655660134,0,0,1,0,0
2004-10-21,0.12352941176470585,-0.12058823529411769,-0.04210526315789471,-0.028378378378378356,-0.10614222222222224,-0.07949999999999997,2004-10-07,-1.7500000000000098,-0.524999999999976,-2.0,-0.9749999999999931,-1.46999999999999,-1.00000000000002,-0.249999999999995,,,,,,,,,,,,0.0,-1.05,-0.550000000000006,-0.449999999999973,-0.19999999999997803,-0.15000000000000602,0.0,0.249999999999995,0.349999999999984,0.350000000000072,,0.45000000000001694,0.349999999999984,-1.05,-1.14999999999998,-0.950000000000007,-0.349999999999984,-0.600000000000023,-0.299999999999967,0.40000000000004504,0.19999999999997803,0.40000000000004504,-0.0271415858344781,0.0369685771308248,-0.00812809884215559,-0.202781066010316,-0.127954392583263,-0.00524999999999976,-0.02,-0.009749999999999929,-0.0146999999999999,-0.0100000000000002,-0.00199999999999978,0.00350000000000072,2004-10-07,-1.7770011249358002,1.09349032079456,0.415976288317803,0.7034323034231391,-0.9534323034231341,0,0,0,1,1
2005-01-26,-0.10971398637931035,0.09037063836363637,0.0,-0.02078500000000001,-0.09662703119999998,-0.036985714285714275,2005-01-13,0.0,-1.29999999999999,-0.4,-2.63499999999999,-5.29099999999998,-7.449999999999999,-7.85,,,,,,,,,,,,-4.0,-7.79999999999999,-7.499999999999971,-7.00000000000003,-7.15000000000003,-6.55000000000001,-6.09999999999999,-5.7,-5.35000000000001,-5.20000000000001,,-4.49999999999999,-4.65,-7.34999999999997,-7.85,-7.2499999999999805,-7.34999999999997,-7.25000000000002,-7.499999999999971,-5.35000000000001,-5.39999999999998,-5.29999999999999,-0.0139911923966451,0.0654258731005442,-0.19664946018770302,-0.149471539270468,-0.32844387861450397,-0.0129999999999999,-0.004,-0.0263499999999999,-0.0529099999999998,-0.0745,-0.0715000000000003,-0.0520000000000001,2005-01-13,0.0625449198028391,-6.516696730734821,-1.67631011973473,-0.501741246806299,-7.348258753193701,1,0,0,0,0
2005-04-22,-0.21556785714285712,-0.1251396226415094,0.0,-0.049312195121951195,-0.0016958333333333315,-0.10714772727272726,2005-04-07,0.0,0.0,-0.19999999999997803,-1.29999999999999,-2.44999999999997,-3.2999999999999896,-3.00000000000003,,,,,,,,,,,,-1.50000000000001,-3.35000000000001,-3.50000000000001,-3.55000000000003,-3.45,-3.2,-3.35000000000001,-3.0999999999999703,-3.10000000000001,-2.9499999999999598,,-2.34999999999999,-1.94999999999999,-3.2,-3.39999999999998,-3.14999999999999,-3.5999999999999996,-3.45,-3.5999999999999996,-2.95000000000001,-3.00000000000002,-2.90000000000004,-0.11250094666372899,-0.0590783790322291,-0.0464288486247855,0.0218173885451423,-0.0464775396721961,0.0,-0.00199999999999978,-0.0129999999999999,-0.0244999999999997,-0.0329999999999999,-0.0345,-0.0294999999999996,2005-04-07,0.115881945508605,-2.8094486227806197,-1.252184305361,0.03199454911850719,-3.0319945491185374,0,1,0,0,0
2005-07-22,-0.17753877551020408,-0.1442395833333333,0.0,-0.07630303030303032,-0.19537857142857137,-0.02199696969696971,2005-07-07,0.600000000000023,0.499999999999989,0.4,2.0,3.29499999999996,4.34999999999999,4.5500000000000105,,,,,,,,,,,,3.75000000000001,5.050000000000001,4.95000000000001,4.84999999999998,4.95000000000001,4.60000000000003,4.44999999999998,3.9000000000000097,3.9499999999999904,3.9000000000000097,,3.70000000000004,4.10000000000004,4.09999999999999,4.8,4.14999999999999,4.70000000000002,5.05000000000004,5.29999999999999,3.6499999999999804,3.9000000000000097,3.95000000000003,0.512312768327483,0.540072994969787,-0.23027496620753302,-0.241096007196367,0.048669999650385896,0.00499999999999989,0.004,0.02,0.0329499999999996,0.0434999999999999,0.0495000000000001,0.0390000000000001,2005-07-07,0.45070741653025104,3.7916856579254596,1.85371541410873,0.7069322553081356,3.843067744691875,0,0,1,0,0
2005-10-24,-0.04444444444444445,-0.09666666666666668,-0.02205882352941177,-0.016896551724137954,-0.0028571428571428914,-0.03296296296296296,2005-10-06,0.0,0.0,0.09999999999998901,-0.09999999999998901,-0.300000000000011,-0.550000000000006,-0.4,,,,,,,,,,,,-0.549999999999962,-0.550000000000006,-0.749999999999984,-0.999999999999979,-1.05,-1.2,-1.05,-1.1500000000000299,-1.1500000000000299,-1.29999999999999,,-1.00000000000002,-0.550000000000006,-0.549999999999962,-0.600000000000023,-0.499999999999989,-1.2,-0.89999999999999,-1.05,-1.2,-1.29999999999999,-1.1500000000000299,-0.0373094557147624,-0.011872606941576401,0.492377435153807,0.227114643943788,0.29095161636316597,0.0,0.00099999999999989,-0.00099999999999989,-0.0030000000000001102,-0.00550000000000006,-0.0105,-0.0129999999999999,2005-10-06,0.18292178961418598,-0.22215916668195698,-1.03500658309472,0.17220272164815276,-0.5722027216481528,0,0,0,1,1
2006-01-23,0.6463566037735852,0.2014229166666667,0.0,0.024234210526315792,0.23358181818181814,-0.08413783783783786,2006-01-12,-0.499999999999989,-0.600000000000023,-1.05,-1.79999999999998,-2.89999999999999,-3.70000000000004,-2.60000000000002,,,,,,,,,,-1.25000000000002,-1.79999999999998,-2.84999999999998,-3.54999999999999,-3.35000000000001,-3.10000000000001,-3.10000000000001,-2.89999999999999,-2.74999999999999,-2.29999999999997,-2.25,-2.09999999999999,,-1.80000000000002,-1.64999999999997,-3.45,-3.10000000000001,-2.55000000000001,-2.99999999999998,-3.2,-3.24999999999998,-2.05000000000002,-2.1500000000000097,-2.1500000000000097,0.0436916143627286,-0.0477630959565545,-0.637709726686636,-0.21928230407996502,-0.192744854652815,-0.00600000000000023,-0.0105,-0.0179999999999998,-0.0289999999999999,-0.0370000000000004,-0.0310000000000001,-0.0209999999999999,2006-01-12,-0.7804578086187222,-2.31010594772075,-0.4873669909367629,0.6273384056153852,-3.2273384056154053,1,0,0,0,0
2006-04-26,0.11705671193895788,3.90773622123099e-05,0.0,-0.00923414634146341,0.27987101273854814,-0.08435545559242554,2006-04-06,0.0,-0.600000000000023,-7.90000000000002,-8.5,-8.599999999999989,-7.800000000000031,-7.049999999999999,,,,,,,,,,-7.35000000000001,-7.55000000000003,-6.99999999999998,-6.94999999999997,-6.750000000000029,-6.350000000000031,-5.7,-4.9999999999999805,-4.34999999999999,-3.89999999999997,-3.39999999999998,-3.35000000000001,,-2.64999999999995,-1.99999999999996,-7.3,-7.3,-8.00000000000001,-6.300000000000019,-6.00000000000001,-6.19999999999998,-3.55000000000003,-3.35000000000001,-3.39999999999998,0.338883254254441,0.280794568607234,-0.680982100296859,-0.45069289723582695,-0.502052540790654,-0.00600000000000023,-0.0790000000000002,-0.085,-0.0859999999999999,-0.0780000000000003,-0.057,-0.0335000000000001,2006-04-06,-8.248158175427928,0.995709545740163,-0.840211084179884,-3.827670901318953,-3.222329098681046,0,1,0,0,0
2006-07-21,0.07023350720500425,-0.03011648488629917,0.0,-0.01643749999999998,-0.17303087809869283,0.11881392671694391,2006-07-06,0.0,0.9500000000000061,2.25,2.34999999999999,2.90000000000004,2.4,1.8499999999999999,,,,,,,,,,2.4999999999999902,1.65000000000002,3.34999999999996,1.9000000000000101,1.79999999999998,1.25000000000002,0.950000000000007,0.499999999999989,0.19999999999997803,0.05000000000006109,-0.25000000000003897,-0.40000000000004504,,-1.14999999999998,-1.39999999999993,2.54999999999996,1.65000000000002,2.74999999999999,0.999999999999979,1.25000000000002,0.800000000000001,-0.349999999999984,-0.350000000000072,-0.499999999999989,-0.198014156382875,-0.206873441418853,0.0667124521946227,0.0216114974007031,-0.183679768639156,0.009500000000000059,0.0225,0.0234999999999999,0.0290000000000004,0.024,0.009500000000000071,-0.00400000000000045,2006-07-06,2.5767533052472795,0.29733993260831,-1.1971719942730301,-0.23631874711076262,2.0863187471107625,0,0,1,0,0
2006-10-20,0.4167878437127961,0.17296158049969987,0.04943913074007205,0.015517241379310343,-0.013439864413822982,0.12818666666666664,2006-10-05,0.0,0.4,0.299999999999967,0.349999999999984,0.249999999999995,-0.4,0.249999999999995,,,,,,,,,,0.599999999999978,0.0,0.9000000000000339,0.499999999999989,0.299999999999967,0.300000000000011,0.09999999999998901,0.0,-0.35000000000002796,-0.499999999999989,-0.499999999999989,-0.599999999999978,,-0.89999999999999,-0.9000000000000339,0.600000000000023,0.4,0.15000000000000602,0.4,0.300000000000011,0.300000000000011,-0.599999999999978,-0.499999999999989,-0.550000000000006,0.18171256354637702,0.170963908197752,-0.24797792715691203,-0.036983616679558996,-0.162428763827549,0.004,0.00299999999999967,0.00349999999999984,0.00249999999999995,-0.004,0.00099999999999989,-0.00599999999999978,2006-10-05,0.647458367176059,-0.400242415330997,-0.22249673376454,0.16795258697615845,0.08204741302383654,0,0,0,1,1
2007-01-24,-0.4189697584261884,0.0872435684944405,0.0,0.03125000000000001,0.04143417976244018,0.1785,2007-01-11,0.0,-0.4,-3.05,-3.89999999999997,-5.80000000000003,-5.85000000000005,0.0,,,,,,,,,,30.75,-3.69999999999999,-5.7,-5.54999999999999,-5.29999999999999,-4.84999999999998,-4.49999999999999,-3.9499999999999904,-3.70000000000004,-3.05000000000004,-2.70000000000006,-2.69999999999993,,-1.7500000000000098,-1.6,-6.300000000000019,-5.79999999999998,-4.04999999999998,-4.9999999999999805,-4.9999999999999805,-4.34999999999999,-2.85000000000002,-2.80000000000005,-2.80000000000005,0.715481694268405,0.7062160609669019,-0.45152030399905296,-0.127795544549203,-0.384948988501854,-0.004,-0.0305,-0.0389999999999997,-0.0580000000000003,-0.0585000000000005,-0.0449999999999999,-0.0269999999999993,2007-01-11,-2.7264409568950803,-2.78919361279576,-0.10105920305175001,5.126171129462426,-5.126171129462426,1,0,0,0,0
2007-04-23,0.3336555600548204,0.12571067378079961,0.0,0.030487804878048776,0.12227386435063453,0.09956956376661802,2007-04-12,0.0,-0.249999999999995,-0.499999999999989,-0.39999999999995606,-0.0499999999999723,0.0499999999999723,0.0,,,,,,,,,,-0.600000000000023,-0.249999999999995,0.100000000000033,0.100000000000033,0.45000000000001694,0.45000000000001694,0.599999999999934,0.800000000000001,0.800000000000001,0.9000000000000339,0.999999999999979,0.999999999999979,,1.14999999999998,1.14999999999998,-0.300000000000011,0.0499999999999723,0.0,0.750000000000028,0.649999999999995,0.699999999999967,0.9000000000000339,1.0499999999999499,0.850000000000062,-0.359682656703342,-0.37654292427005104,0.07794955944887551,0.0440560988108407,-0.13393763001525702,-0.00249999999999995,-0.00499999999999989,-0.00399999999999956,-0.000499999999999723,0.000499999999999723,0.00599999999999934,0.00999999999999979,2007-04-12,-0.45968116640184403,0.6866774465372499,0.7905326982863249,-0.32352607105830594,0.32352607105830594,0,1,0,0,0
2007-07-18,0.27806288732260315,0.09000456883537432,0.0,0.040909090909090895,0.23692200164935376,-0.025170617257509405,2007-07-05,0.499999999999989,-0.599999999999934,-0.0499999999999723,0.100000000000033,0.499999999999989,0.349999999999984,0.499999999999989,,,,,,,,,,1.70000000000003,0.0,1.10000000000001,0.0,0.39999999999995606,0.699999999999967,0.699999999999967,0.800000000000001,0.800000000000001,0.750000000000028,0.800000000000001,0.74999999999994,,0.100000000000033,-0.0999999999999446,0.55000000000005,0.499999999999989,0.24999999999995,0.800000000000001,0.800000000000001,0.850000000000062,0.849999999999973,1.00000000000007,0.9000000000000339,-0.328588705983179,-0.407585942666167,-0.23123094848898598,-0.0370027756303404,-0.09275189534712071,-0.00599999999999934,-0.000499999999999723,0.00100000000000033,0.00499999999999989,0.00349999999999984,0.0069999999999996705,0.0074999999999994,2007-07-05,-0.131396720577742,0.8691698706858509,0.37030520005622103,0.12339385277602333,0.3766061472239657,0,0,1,0,0
2007-10-18,-0.14424325202636995,-0.27463180533007503,0.0008150564122200042,-0.006060606060606039,-0.23376664002451933,-0.025806451612903233,2007-10-04,-0.0999999999999446,0.549999999999962,0.25000000000003897,0.100000000000033,-0.999999999999979,-1.79999999999998,-1.99999999999996,,,,,,,,,,0.499999999999989,-0.249999999999995,-1.14999999999998,-2.59999999999998,-2.60000000000007,-2.90000000000008,-2.70000000000001,-2.55000000000001,-2.25,-2.09999999999999,-2.05000000000002,-1.99999999999996,,-1.7500000000000098,-1.49999999999997,-1.55000000000003,-2.55000000000001,-2.44999999999997,-2.59999999999998,-2.59999999999998,-2.4,-1.8999999999999202,-2.00000000000005,-1.9000000000000101,-0.00248847102692906,0.146553208125422,-0.19861684131713997,-0.274348594575086,-0.273906069354179,0.005499999999999621,0.00250000000000039,0.00100000000000033,-0.00999999999999979,-0.0179999999999998,-0.0270000000000001,-0.0199999999999996,2007-10-04,1.1384985294740801,-2.51997180870665,-1.09289109819688,-0.25435320693127395,-1.745646793068686,0,0,0,1,1
2008-01-18,-0.7633433753891329,-0.03333332144956953,0.0,-0.05151515151515149,-0.4208844305346537,-0.027941176470588188,2008-01-10,-2.09999999999999,-0.19999999999997803,-0.349999999999984,-0.19999999999997803,-0.15000000000000602,-2.60000000000002,-2.99999999999998,,,,,,,,,,0.0,-0.300000000000011,0.899999999999945,-3.85,-2.8000000000000003,-2.54999999999996,-2.34999999999999,-1.8999999999999702,-1.7500000000000098,-1.40000000000002,-1.29999999999999,-1.3499999999999601,,-1.10000000000001,-0.950000000000007,-1.69999999999999,-2.85000000000002,-2.0,-2.45000000000006,-2.55000000000001,-2.74999999999999,-1.0499999999999499,-1.79999999999998,-1.80000000000007,-0.184479756022604,-0.24938316600486798,0.534005792714476,0.32648195039100003,0.0667282246343603,-0.00199999999999978,-0.00349999999999984,-0.00199999999999978,-0.0015000000000000599,-0.0260000000000002,-0.0234999999999999,-0.0134999999999996,2008-01-10,0.741229707564418,-2.2132721242190896,-0.6459037731038111,-2.9117906709692454,-0.08820932903073463,1,0,0,0,0
2008-04-18,-0.2250997582091734,-0.3729032506553443,0.0,-0.006451612903225784,-0.35103503486196996,-0.17621265123496008,2008-04-10,0.499999999999989,0.19999999999997803,-0.05000000000006109,0.200000000000022,-0.09999999999998901,-1.2,0.8500000000000171,,,,,,,,,,0.25000000000003897,0.299999999999967,0.0500000000000167,0.499999999999989,0.349999999999984,0.249999999999995,0.200000000000022,0.200000000000022,0.35000000000002796,0.600000000000023,0.600000000000023,0.499999999999989,,0.19999999999997803,0.300000000000011,0.4,-0.200000000000022,-0.09999999999998901,0.19999999999997803,0.0,0.0,0.549999999999962,0.25000000000003897,0.349999999999984,0.273015863278125,0.181207122505533,-0.305892608555436,-0.262401749963354,0.0957696577605915,0.00199999999999978,-0.0005000000000006111,0.00200000000000022,-0.00099999999999989,-0.012,0.00200000000000022,0.00499999999999989,2008-04-10,0.7202524730299191,-1.36420199796135,1.1014041844906999,1.1597075878333958,-0.30970758783337876,0,1,0,0,0
2008-07-18,0.064025799908387,-0.35072198062295235,0.0,-0.006295025022680547,-0.4722620600920701,-0.15057217455065763,2008-07-03,-0.600000000000023,-0.899999999999945,-2.44999999999997,-6.8499999999999295,-14.7,-22.5000000000001,-22.3999999999999,,,,,,,,,,-2.09999999999999,-5.55000000000003,-14.35,-25.2,-23.35,-20.7,-19.650000000000002,-15.8,-12.4,-9.50000000000007,-6.49999999999995,-6.40000000000001,,-1.15000000000007,0.15000000000000602,-24.349999999999998,-24.2,-23.7,-19.2,-18.9,-19.950000000000003,-6.05000000000002,-5.40000000000003,-5.45,1.40850604824063,2.06534761262711,-0.739293143498082,-0.5269773801350129,-0.356284335199408,-0.00899999999999945,-0.0244999999999997,-0.0684999999999993,-0.147,-0.225000000000001,-0.1965,-0.0640000000000001,2008-07-03,2.98296550698887,-25.262612570107798,3.49203883807136,-3.9495415977002466,-18.450458402299653,0,0,1,0,0
2009-01-20,-2.9217694241636814,0.30320676545250086,0.0,-0.11049069966823666,-2.0217403463664914,-0.4600313675371689,2009-01-15,3.5999999999999996,3.89999999999999,4.89999999999999,3.8,2.1999999999999997,1.6,1.10000000000001,,,,,,,,,,4.90000000000001,4.14999999999999,2.1999999999999997,0.249999999999995,0.750000000000006,0.0,-0.200000000000022,-0.200000000000022,-0.649999999999995,-1.14999999999998,-1.50000000000001,-1.25000000000002,,-3.89999999999997,-5.39999999999998,0.800000000000001,0.09999999999998901,1.8499999999999999,0.499999999999989,0.19999999999997803,0.499999999999989,-1.50000000000006,-1.2,1.19999999999996,-0.246967320124369,-0.7753980436904231,0.026707873258213798,0.522484652560927,-0.0384607171254991,0.0389999999999999,0.0489999999999999,0.038,0.022000000000000002,0.016,-0.00200000000000022,-0.0125000000000002,2009-01-15,6.5992806020513495,-5.3912234204015395,-0.21265331275289398,1.350458539804197,-0.250458539804187,1,0,0,0,0
2009-04-20,-1.6311279023773484,-0.4199022931980871,0.0,-0.046569003499210525,-0.13510904515148833,0.03666608020921428,2009-04-02,-1.0,2.0,2.3,1.2,0.550000000000006,0.600000000000001,0.869999999999993,,,,,,,,,,1.0,1.0,0.4,0.449999999999995,-0.6999999999999901,0.550000000000006,0.499999999999989,0.800000000000001,0.600000000000023,0.25000000000003897,0.249999999999995,0.0,,0.599999999999934,0.45000000000001694,-1.0,2.9000000000000097,1.29999999999999,-0.15000000000000602,0.09999999999998901,0.0,-0.849999999999973,-1.50000000000001,0.350000000000072,-0.273859473645643,0.235124686424193,0.160193756898808,0.262467342277112,-0.217212279245871,0.02,0.023,0.012,0.00550000000000006,0.0060000000000000105,0.00499999999999989,0.0,2009-04-02,2.91864826874511,-2.59715493840621,0.7858692783717579,1.2381116030118875,-0.3681116030118945,0,1,0,0,0
2009-07-17,-1.071482201908672,0.020292183634149412,0.0,0.0020571129065829843,1.5738730233212912,0.24423830766714427,2009-07-02,-6.800000000000001,-4.1000000000000005,-5.19999999999999,-6.20000000000001,-6.799999999999989,-8.10000000000002,-8.70000000000002,,,,,,,,,,,,-7.000000000000011,-6.29999999999999,-5.80000000000001,-5.65000000000002,-5.7,-5.30000000000004,-5.20000000000001,-4.60000000000003,-4.69999999999997,-4.49999999999999,,-4.10000000000004,-3.7500000000000497,-7.3,-5.35000000000001,-7.6499999999999995,-4.69999999999997,-5.20000000000001,-5.14999999999999,-4.39999999999996,-4.300000000000019,-2.59999999999998,-1.6885798544763,-1.80516543076665,-0.174566744841792,0.0583022404574612,-0.942235433659366,-0.040999999999999995,-0.0519999999999999,-0.0620000000000001,-0.0679999999999999,-0.0810000000000002,-0.057,-0.0449999999999999,2009-07-02,-6.4658270788224,0.26681506923549997,-2.05740334400409,-3.056193826571172,-5.643806173428849,0,0,1,0,0
2009-10-19,0.5136343695454546,0.6565575780681818,0.07565072743589746,-0.02139696969696969,1.5264233167894738,0.33647854457142856,2009-10-08,0.800000000000001,-0.4,-0.700000000000001,-1.9,-2.9000000000000004,-3.9800000000000098,-3.36000000000001,,,,,,,,,,0.0,-1.4000000000000001,-2.75,-2.54999999999999,-2.8000000000000003,-2.70000000000001,-2.4,-2.30000000000001,-2.0,-1.69999999999999,-1.79999999999998,-1.74999999999996,,-1.09999999999997,-1.1500000000000299,-3.0,-2.94999999999999,-2.89999999999999,-3.00000000000002,-2.25,-2.8000000000000003,-1.64999999999997,-1.69999999999999,-1.64999999999997,-0.160579090210256,-0.0859438839373894,-0.122021504480135,-0.255775492494158,0.00383237204708564,-0.004,-0.0070000000000000106,-0.019,-0.028999999999999998,-0.0398000000000001,-0.024,-0.0174999999999996,2009-10-08,-0.48206066294608707,-2.8384716418966605,0.266566354925382,-0.1482002791917707,-3.2117997208082394,0,0,0,1,1
2010-01-19,5.180459313617022,0.562676512840909,0.0,-0.07999487179487179,0.142129654988077,0.07507850009490595,2010-01-14,-0.550000000000001,0.0,-0.4,-1.2,-2.1,-2.89999999999999,-2.5000000000000098,,,,,,,,,,0.0,0.05,,-2.8000000000000003,-2.09999999999999,-2.1500000000000097,-2.10000000000004,-2.1500000000000097,-1.9000000000000101,-1.3499999999999601,-1.30000000000003,-1.14999999999998,,-0.549999999999962,-0.600000000000023,-2.4,,-2.70000000000001,-0.0500000000000167,-0.249999999999995,,0.249999999999995,-0.950000000000007,0.24999999999995,-0.30721167871945404,-0.17245576805065,-0.0828271720460738,-0.23047313386324703,-0.528024158096141,0.0,-0.004,-0.012,-0.021,-0.0289999999999999,-0.0210000000000004,-0.0114999999999998,2010-01-14,0.0843209391916276,-2.6011314991490804,0.307088787355424,-0.09106201862865371,-2.408937981371356,1,0,0,0,0
2010-04-20,-0.11521115000000001,-0.051386357021276585,0.0,0.04138572972972973,0.15985531127992486,-0.023534778551577446,2010-04-08,0.0,-0.05,0.0,0.850000000000001,0.45000000000000606,-1.28,-1.41500000000001,,,,,,,,,,0.0,0.35000000000000003,-0.45000000000000606,-0.700000000000001,-0.849999999999995,-0.700000000000012,-0.89999999999999,-0.550000000000006,-0.649999999999995,-0.699999999999967,-0.800000000000001,-0.649999999999995,,-1.2,-1.10000000000001,-2.10000000000001,-0.850000000000006,-1.4000000000000001,-0.650000000000039,-3.10000000000001,-0.89999999999999,-1.40000000000002,-0.8500000000000171,-0.749999999999984,0.0648608075719537,0.33638057312526104,0.180322375019581,0.228284541555052,0.0686466541524489,-0.0005,0.0,0.00850000000000001,0.00450000000000006,-0.0128,-0.0089999999999999,-0.00649999999999995,2010-04-08,1.0562051550729699,-1.3560222540490299,-0.31937696010304806,-1.2915090697457365,-0.12349093025427346,0,1,0,0,0
2010-07-19,0.015117215909090919,-0.19863351674418606,0.0,-0.044262787878787895,-0.07104128387171665,-0.17461061428571423,2010-07-08,0.5,1.3,2.1999999999999997,3.8,4.5,4.04000000000001,3.4899999999999904,,,,,,,,,,1.6500000000000001,3.3000000000000003,5.050000000000001,3.35,3.89999999999999,4.65,4.59999999999998,4.15000000000001,4.0,3.69999999999999,3.2999999999999896,3.2999999999999896,,1.9000000000000101,1.79999999999998,-6.19999999999998,3.0,-6.55000000000001,-0.950000000000007,-5.29999999999999,4.5500000000000105,-1.20000000000005,2.55000000000001,0.0499999999999723,0.342514963084017,0.482660445128236,0.276090733080447,0.20321565776525197,0.678998409640386,0.013000000000000001,0.022000000000000002,0.038,0.045,0.0404000000000001,0.0459999999999998,0.0329999999999999,2010-07-08,3.1777125305083502,1.08949388603932,1.78269283195278,-0.25481595336980334,3.744815953369794,0,0,1,0,0
2010-10-19,0.5192349952974352,0.11297926030355296,-0.011011943254618344,-0.004520085135597433,-0.04465930642903896,0.13593694951585705,2010-10-07,-0.04999999999999451,0.249999999999995,0.4,-0.1,-0.5,-0.600000000000001,-0.320000000000009,,,,,,,,,,0.3,-0.2,-0.34999999999999504,-0.549999999999995,-0.449999999999995,-0.6999999999999901,-0.249999999999995,-0.6,-0.15000000000000602,-0.35000000000002796,-0.300000000000011,-0.0500000000000167,,-0.950000000000007,-0.950000000000007,-0.500000000000012,-1.0,-0.800000000000001,-0.249999999999995,0.949999999999962,-0.6,-0.55000000000005,0.599999999999978,-0.200000000000022,0.13659563547978598,0.143965473157781,-0.0715768407911821,0.137001962289685,-0.18262462680720398,0.00249999999999995,0.004,-0.001,-0.005,-0.0060000000000000105,-0.00249999999999995,-0.000500000000000167,2010-10-07,0.618806410345202,-1.07924785425623,0.48154419875486704,0.6214464408910441,-0.941446440891053,0,0,0,1,1
2011-01-18,-0.04617789359136512,0.23593435141772365,0.0,0.09824888420117717,0.055600924137542314,0.15597935994280407,2011-01-13,1.5,0.45000000000000606,1.5,3.3000000000000003,6.40000000000001,8.765,10.685,,,,,,,,,,-1.05,3.4000000000000004,5.29999999999999,11.25,10.549999999999999,9.9,9.049999999999999,7.85,6.60000000000003,5.39999999999998,4.40000000000001,4.44999999999998,2.8000000000000003,1.80000000000002,0.800000000000001,7.3,8.60000000000001,3.85,3.39999999999998,2.00000000000005,9.24999999999998,-1.29999999999999,4.25,0.15000000000000602,-0.0247618393808935,-0.137915204023198,0.7619802993810489,0.471375317152164,0.605248838477568,0.00450000000000006,0.015,0.033,0.0640000000000001,0.08765,0.0905,0.0444999999999998,2011-01-13,0.0115630227906924,8.94487675950968,0.681682187864489,3.276744507858904,7.408255492141096,1,0,0,0,0
2011-04-19,0.10042550561250001,-0.0456132733574468,0.0,-0.026807096995348816,0.1568673038452381,0.010986502802564099,2011-04-07,0.0,-0.550000000000006,1.30000000000001,-0.04999999999999451,0.449999999999995,-1.8600000000000199,-3.05499999999999,,,,,,,,,,0.0,0.6,0.0,-2.09999999999999,-2.09999999999999,-2.4999999999999902,-2.4999999999999902,-2.7500000000000298,-2.60000000000002,-2.65,-2.8000000000000003,-2.84999999999998,-1.65000000000002,-2.25,-2.29999999999997,-0.09999999999998901,-1.7999999999999998,-0.0500000000000167,-0.950000000000007,-1.94999999999999,-2.4999999999999902,-2.70000000000001,-2.60000000000002,-2.09999999999999,-0.006358183234844721,0.0331198943190891,-0.0385201272425251,-0.0799588825512593,-0.164392606478359,-0.00550000000000006,0.0130000000000001,-0.000499999999999945,0.00449999999999995,-0.0186000000000002,-0.0249999999999999,-0.0284999999999998,2011-04-07,1.35517334856253,-1.92436821769021,-2.09270450894539,-2.782659032953574,-0.27234096704641625,0,1,0,0,0
2011-07-19,0.2388903611428572,-0.03145089701428573,0.0,-0.055442636572222224,-0.08895714594473683,0.10135206069677419,2011-07-07,1.10000000000001,0.9000000000000121,0.849999999999995,1.2,1.69999999999999,2.94999999999999,3.6899999999999897,3.2999999999999896,,,3.39999999999998,,,2.30000000000001,,,0.549999999999995,0.750000000000006,1.89999999999999,3.95000000000001,4.09999999999999,4.09999999999999,4.45000000000002,3.89999999999997,3.35000000000001,2.95000000000001,2.20000000000002,2.34999999999999,1.8999999999999702,2.09999999999999,1.74999999999996,-2.6500000000000403,3.14999999999999,-2.85000000000002,-1.4500000000000002,-3.29999999999995,3.75000000000001,-3.8500000000000902,0.89999999999999,-2.7999999999999603,0.174446595948119,0.35856988061428996,0.301395055376946,0.22385145617078,0.22407041735945601,0.00900000000000012,0.00849999999999995,0.012,0.0169999999999999,0.0294999999999999,0.0445000000000002,0.0234999999999999,2011-07-07,0.47995689187692603,2.4270490191845604,1.6992794444797599,1.8945044510750342,1.7954955489249556,0,0,1,0,0
2011-10-18,-0.32279223941702134,-0.8343817655108695,-0.31911108706666674,-0.028198718394444447,-0.8339853615097561,-0.33879016772812504,2011-10-06,0.09999999999998901,0.600000000000001,2.29999999999999,4.25,6.5,7.72000000000001,6.7299999999999995,5.09999999999999,3.49999999999999,2.70000000000001,1.7999999999999998,0.89999999999999,0.300000000000011,-0.100000000000033,,,1.8499999999999999,2.75,6.3,8.15,6.75,5.400000000000009,4.2,3.7499999999999902,3.2,2.4999999999999902,1.69999999999999,1.7500000000000098,2.1500000000000097,1.50000000000001,1.14999999999998,1.4500000000000002,8.7,0.500000000000034,0.699999999999967,1.25000000000002,5.35000000000001,1.05000000000004,2.4999999999999902,1.10000000000001,-0.45693786892409005,-1.6174389022322302,0.594076044089648,0.385800726131003,0.39202284732979803,0.0060000000000000105,0.0229999999999999,0.0425,0.065,0.0772000000000001,0.0349999999999999,-0.00100000000000033,2011-10-06,1.6398150505325602,6.7178871216247495,-3.90388759516244,0.37548826747295205,6.3545117325270475,0,0,0,1,1
2012-01-20,-1.703145975425926,0.22806871980196078,0.0,-0.04344799134651163,-0.6524380321309525,-0.2804551380833334,2012-01-12,-0.800000000000001,0.1,-0.1,-0.35000000000000003,-0.35000000000000003,-0.750000000000001,-1.7999999999999998,-2.11,-2.23,-2.45,-2.71999999999999,-3.0,-3.28000000000002,-3.5100000000000104,,,0.0,0.0,0.65,0.25,-0.3,-0.700000000000001,-1.05,-1.09999999999999,-1.4000000000000001,-1.34999999999998,-1.50000000000001,-1.35000000000001,-1.74999999999996,-1.65000000000002,-1.3499999999999601,6.3999999999999195,-0.299999999999995,1.24999999999997,4.04999999999998,-0.200000000000022,-4.14999999999999,-1.40000000000002,-4.05000000000002,-1.35000000000005,-0.592492900842956,-1.5309545801792401,0.403471178201537,0.372529421991458,0.19887311824744502,0.001,-0.001,-0.0035,-0.0035,-0.007500000000000009,-0.0223,-0.0351000000000001,2012-01-12,-0.279927376223911,0.535158169642993,-3.20197970335946,-1.5363822632587465,-0.2636177367412534,1,0,0,0,0
2012-04-19,-0.153776971796,-0.08631623650208332,0.0,0.0010601616410256397,0.19118964107179484,0.09085240837567567,2012-04-04,0.0,-0.1,-0.2,-0.1,0.1,-0.3,-0.3,-0.170000000000003,-0.0699999999999923,-0.060000000000015596,0.190000000000001,0.280000000000014,0.190000000000001,0.37999999999998,,,0.0,0.25,-1.05,-0.750000000000001,-0.44999999999999996,-0.1,0.1,0.3,0.700000000000012,0.89999999999999,1.0,1.2,1.69999999999999,1.8499999999999999,1.8499999999999999,-3.00000000000002,-0.250000000000006,-3.05,-3.89999999999997,-5.000000000000069,0.0,-3.7499999999999605,0.09999999999998901,-3.95000000000003,-0.359100861876982,-0.625124129868748,-0.0342537444594559,0.0060391943733056905,-0.032340779694628397,-0.001,-0.002,-0.001,0.001,-0.003,-0.000699999999999923,0.0037999999999998,2012-04-04,0.105776842643083,-0.0653226115323137,0.332722288335178,-0.528231908959615,0.22823190895961507,0,1,0,0,0
2012-07-19,-0.1479147917170731,-0.35731413434146336,0.0,-0.04869865963225806,-0.13056800867272728,-0.030498014329629605,2012-07-05,0.600000000000001,0.5,0.1,-0.5,-1.3,-1.95,-1.4000000000000001,-1.6,-0.48999999999999,-0.509999999999999,-0.600000000000001,-0.970000000000004,-0.669999999999993,-0.639999999999996,,,0.0,6.15,1.2,-0.95,-1.4000000000000001,-1.9,-2.0,-1.89999999999999,-1.8499999999999999,-1.6500000000000001,-1.6,-1.6,-1.35000000000001,-1.3999999999999801,-1.1500000000000299,21.7,-3.6999999999999997,10.9,20.4,11.5,-4.2,15.5,-1.05,16.900000000000002,-1.3086119148116602,-3.05868252729944,-0.258095880659698,-0.012539184969403998,-0.06050827130961171,0.005,0.001,-0.005,-0.013000000000000001,-0.0195,-0.0048999999999999,-0.00639999999999996,2012-07-05,0.537790639165443,-2.0457843405827,0.7284904014909069,0.25808759854845964,-1.6580875985484598,0,0,1,0,0
2012-10-22,-0.09426924147111113,-0.37840642780681827,-0.08172856305312501,-0.015054032258064528,0.06772028502222222,-0.06355135961851853,2012-10-04,0.3,-0.15,0.49999999999999895,0.599999999999999,-0.15,-0.25,-0.4,-0.770000000000004,-0.550000000000006,-0.5,-0.689999999999991,-0.740000000000007,-0.990000000000002,-0.889999999999991,,,0.0,0.0,0.5,0.15,-0.5,-1.15,-1.3,-1.35000000000001,-1.25,-1.35000000000001,-1.25,-1.25000000000002,-0.950000000000007,-1.29999999999999,-1.2,-2.0,0.14999999999999702,-3.10000000000001,-1.05000000000004,-2.09999999999999,-0.250000000000017,-1.6,-0.349999999999984,-0.45000000000001694,-0.258037733192484,0.0477942942711529,0.158096703259536,0.0,0.098082495235019,-0.0015,0.00499999999999999,0.00599999999999999,-0.0015,-0.0025,-0.00550000000000006,-0.00889999999999991,2012-10-04,0.669422660135881,-0.48196645882069394,-0.630869734088328,0.8597010246232134,-1.2597010246232134,0,0,0,1,1
2013-01-22,0.43884485907083337,0.7914819625673912,0.2647012804111111,0.04238440459999999,0.02284089128717948,-0.005110188406060606,2013-01-10,0.2,0.199999999999999,0.5,1.0999999999999999,1.7999999999999998,2.0,2.5,2.52,2.8799999999999897,2.86000000000001,2.63,2.54000000000001,2.39,2.2900000000000102,,,0.44999999999999996,1.0,1.15,2.1999999999999997,2.5,3.25,3.45,3.85,3.35000000000001,2.89999999999999,2.85,2.74999999999999,2.8000000000000003,2.4999999999999902,2.09999999999999,-3.9000000000000097,1.4000000000000001,-3.9499999999999904,-5.90000000000002,-3.9499999999999904,2.9499999999999997,-4.20000000000007,2.4999999999999902,-2.9500000000000504,0.127332295568738,0.287241879457145,0.52457641105913,0.293201602754053,0.29742042226716897,0.0019999999999999896,0.005,0.011000000000000001,0.018000000000000002,0.02,0.0287999999999999,0.0229000000000001,2013-01-10,0.598561414697111,1.5556549274332903,1.43873559831098,0.6412411300437277,1.8587588699562723,1,0,0,0,1
2013-04-19,-0.34898484539361696,-0.09829299466888888,-0.08067190233243245,-0.029510100471052632,0.2614904961789474,0.051581754042857156,2013-04-04,0.1,0.0,0.0,-0.4,-0.49999999999999895,-0.800000000000001,-1.2,-0.990000000000002,-0.650000000000006,-0.659999999999994,-0.600000000000001,-0.609999999999999,-0.499999999999989,-0.580000000000003,,,0.0,-0.4,-0.7000000000000001,-0.7000000000000001,-0.8,-0.849999999999998,-1.0,-0.750000000000001,-0.700000000000001,-0.6,-0.499999999999989,-0.5499999999999841,-0.6,-0.4,-0.19999999999997803,1.7500000000000098,-0.15,0.949999999999962,1.3999999999999801,1.29999999999999,-0.800000000000001,1.35000000000005,-0.89999999999999,1.79999999999998,-0.715751981936652,-1.53163133723426,0.167559707981138,0.0471865055351933,0.42021153973648095,0.0,0.0,-0.004,-0.00499999999999999,-0.008000000000000009,-0.00650000000000006,-0.00580000000000003,2013-04-04,0.106689273803571,-0.521091839507365,-0.16515358123166102,-0.6122698354603751,-0.5877301645396249,0,1,0,0,1
2013-07-19,-0.24223471624761903,-0.16726189315952378,-0.019397348275000004,0.0005849846166666691,0.2147699896705882,0.048052038957142836,2013-07-04,-0.3,-0.700000000000001,-1.0,-1.7000000000000002,-2.8000000000000003,-4.45,-5.7,-6.25,-5.7,-5.06,-4.29999999999999,-3.91999999999999,-2.69999999999999,-2.44,,,-0.8999999999999999,-0.2,-3.9,-4.9,-5.1499999999999995,-5.6000000000000005,-5.75,-4.79999999999999,-4.25,-3.55000000000001,-2.8000000000000003,-2.85,-1.25000000000002,0.0,0.8500000000000171,-21.6,-5.2,-13.350000000000001,-20.599999999999998,-14.6,-8.94999999999999,-12.049999999999999,-6.44999999999998,-12.950000000000001,1.38879993044325,2.76747221562204,-0.602527797116315,-0.477995663817202,-0.37491588992502,-0.0070000000000000106,-0.01,-0.017,-0.027999999999999997,-0.0445,-0.057,-0.0244,2013-07-04,0.0729832585133452,-4.10244995317211,-1.09327811487434,-2.4707206931018737,-3.2292793068981265,0,0,1,0,1
2013-10-22,0.2104908341409091,0.14579358204651163,0.021646337071875,0.018749999999999996,0.25856765627058825,0.15567559687407412,2013-10-02,0.0,0.1,0.0,0.2,-0.1,0.2,0.4,1.0999999999999999,1.51,1.59,1.26999999999999,1.26999999999999,1.3999999999999801,1.30000000000001,1.50000000000001,1.30000000000003,-1.5,0.0,0.1,0.44999999999999996,1.15,1.4000000000000001,1.6,1.6500000000000001,1.7999999999999998,1.9000000000000101,2.1500000000000097,2.14999999999999,2.04999999999997,1.65000000000002,1.50000000000001,-1.7999999999999998,0.2,-0.249999999999995,-1.40000000000002,-0.749999999999984,1.4500000000000002,-0.600000000000023,1.5499999999999898,-1.99999999999996,-0.157214156991436,-0.030625526615590797,0.47195987462031497,0.400922058137437,0.413059306053576,0.001,0.0,0.002,-0.001,0.002,0.0151,0.0130000000000001,2013-10-02,0.13924707963373098,0.170482840067725,1.45455089361324,0.7926925405083373,-0.39269254050833724,0,0,0,1,1
2014-01-24,1.4276027694239126,0.44771534879333336,0.14838511051176476,0.03753081593783786,0.24617879140789475,0.017076230596874985,2014-01-09,0.1,-0.15,-0.5,-0.750000000000001,-0.9499999999999981,-1.5,-1.6,-1.5,-1.0999999999999999,-1.10000000000001,-0.9000000000000121,-0.8300000000000199,-0.8199999999999991,-0.600000000000001,-0.499999999999989,-0.4,0.0,0.299999999999999,-0.900000000000001,-1.0999999999999999,-1.3,-1.0999999999999999,-1.0999999999999999,-0.9000000000000121,-0.800000000000001,-0.9000000000000121,-0.6,-0.6,-0.550000000000006,-0.299999999999967,-0.249999999999995,-1.5,-1.0999999999999999,-1.25,-1.9000000000000101,0.0,-1.35000000000001,0.650000000000039,0.15000000000000602,-1.05,-0.0292121235599296,0.0,-0.290500121557485,-0.187804859368049,-0.34697309847366903,-0.0015,-0.005,-0.007500000000000009,-0.009499999999999979,-0.015,-0.011000000000000001,-0.0060000000000000105,2014-01-09,-0.21748397383857498,-0.823130660621101,-0.0179307893396951,-0.7410235503702366,-0.8589764496297635,1,0,0,0,1
2014-04-25,0.1310846421911111,0.03297597216744186,0.03855236285714285,-0.027014609777777785,0.16966654875526319,0.07705776183235297,2014-04-03,0.600000000000001,1.2,0.800000000000001,0.6999999999999981,0.35000000000000003,-0.1,-0.700000000000001,-0.900000000000001,-1.25000000000001,-1.21,-1.21,-1.2,-1.24000000000002,-1.14000000000001,-0.89999999999999,-0.599999999999978,0.35000000000000003,0.5,0.0,-0.44999999999999996,-0.4,-0.800000000000001,-0.949999999999995,-0.950000000000007,-0.949999999999984,-0.950000000000007,-1.10000000000001,-0.800000000000001,-0.749999999999984,-0.600000000000023,-0.300000000000011,-4.40000000000001,-0.05,-3.5999999999999996,-5.10000000000002,-4.74999999999999,-2.09999999999999,-4.5500000000000105,-2.4,-4.40000000000001,0.9837799141331869,1.73537438616016,-0.323689613602546,-0.265540288800642,-0.181881826985286,0.012,0.008000000000000009,0.006999999999999979,0.0035,-0.001,-0.0125000000000001,-0.0114000000000001,2014-04-03,1.59929230318876,-1.4685004431322601,-0.8772353617723779,-0.8095790319320421,0.1095790319320411,0,1,0,0,1
2014-07-24,-0.12017752479545453,-0.01654755083023256,0.026774370708571433,-0.02402285714285712,-0.03281809179090908,0.03334649372068966,2014-07-03,-1.4000000000000001,-0.05,-0.25,-0.2,-0.4,-0.6,-0.700000000000001,-0.900000000000001,-1.03,-0.7100000000000001,-0.370000000000004,-0.2,-0.11000000000001,0.0900000000000123,0.300000000000011,0.4,-1.7999999999999998,-0.05,0.0,-0.5,-0.44999999999999996,-0.499999999999998,-0.5,-0.3,-0.1,0.15000000000000602,0.4,0.2,0.300000000000011,0.499999999999989,0.800000000000001,-2.9499999999999997,-0.2,-2.1,-4.15000000000001,-4.49999999999999,-0.5,-2.59999999999998,-0.100000000000011,-4.149999999999969,0.5358797840061771,1.01127799278782,-0.260440695238207,-0.333218377543751,0.0323444325473154,-0.0005,-0.0025,-0.002,-0.004,-0.006,-0.0103,0.000900000000000123,2014-07-03,0.22125161670479604,-0.7081724723628541,0.126476589645337,-0.20775521455558693,-0.492244785444414,0,0,1,0,1
2014-10-23,-0.23712024899400003,-0.3422455808791666,-0.17249785982820515,-0.0594000590837838,-0.27381008917500005,-0.14556156520312502,2014-10-02,1.3,0.7999999999999989,0.7000000000000001,0.1,-0.0999999999999994,0.1,0.0,0.4,0.459999999999999,0.320000000000004,0.3,0.319999999999998,0.1,0.2,0.100000000000011,0.0,,0.0,-1.15,-0.1,0.1,0.5499999999999999,0.599999999999998,0.44999999999999996,0.4,0.249999999999995,0.34999999999999504,0.4,-0.249999999999995,-0.449999999999995,-0.9000000000000121,1.55,0.0999999999999999,1.15,2.6,3.5000000000000004,0.800000000000001,3.40000000000003,0.950000000000007,3.2,-1.44922978603894,-2.31681117541349,0.193764024480159,0.19788714127323098,0.0763816939312711,0.00799999999999999,0.006999999999999999,0.001,-0.000999999999999994,0.001,0.0045999999999999895,0.002,2014-10-02,0.8718292151258309,-0.7710594883169749,0.6293117989800511,0.2862202346199132,-0.2862202346199132,0,0,0,1,1
